handle,product_name,SKU (from Shopify),HSN Code,Packaging Length (cm),Packaging Width (cm),Packaging Height (cm),GST Code (%)
clovers-magnetic-necklace-in-925-silver-by-svadezi,Clovers Magnetic Necklace in 925 Silver by SVADEZI,,,,,,
flower-threader-earrings-in-925-silver-by-svadezi,Flower Threader Earrings in 925 silver by SVADEZI,,,,,,
designer-cz-adjustable-bracelet-in-925-silver-by-svadezi,Designer CZ Adjustable Bracelet in 925 Silver by SVADEZI,SBRL/10014,,,,,
butterfly-embrace-heart-pendant-in-925-silver-by-svadezi,butterfly embrace heart pendant in 925 Silver by SVADEZI,SCH/14045,,,,,
bali-hanging-bird-in-925-silver-by-svadezi,Bali hanging bird in 925 Silver by SVADEZI,STPS/17987,,,,,
fresh-water-pearl-studed-earrings-in-925-silver-by-svadezi,Fresh Water pearl studed earrings in 925 Silver by SVADEZI,STPS/14950,,,,,
blue-topaz-butterfly-bracelet-in-925silver-by-svadezi,Blue Topaz Butterfly Bracelet in 925Silver by SVADEZI,SBRL/10014,,,,,
butterfly-ring-featuring-sparkling-white-swarovski,Butterfly ring featuring sparkling white Swarovski,SLR92/18999,,,,,
rectangular-sleek-multi-stone-earrings-in-925-silver-by-svadezi,Rectangular Sleek Multi Stone Earrings in 925 Silver by SVADEZI,STPS/17932,,,,,
dazzling-white-swarovski-pendant-set-in-925-silver-by-svadezi,Dazzling white Swarovski pendant Set in 925 Silver by SVADEZI,SCSET/1169,,,,,
butterfly-casting-ring-in-925-silver-by-svadezi,Butterfly Casting Ring in 925 Silver by SVADEZI,SLR92/18947,,,,,
swarovski-blue-pendant-in-925-silver-by-svadezi,Swarovski Blue Pendant in 925 Silver by SVADEZI,SCH/14754,,,,,
pristine-cut-quartz-bracelete-in-925-silver-by-svadezi,Pristine cut Quartz Bracelete in 925 Silver by SVADEZI,SBRL/11006,,,,,
vibrant-colored-zirconiumring-in-925-silver-by-svadezi,Vibrant colored Zirconium ring in 925 Silver by SVADEZI,SLR92/18947,,,,,
blue-zirconium-rose-gold-studs-in-925-silver-by-svadezi,Blue Zirconium Rose Gold Studs in 925 Silver by SVADEZI,STPS/15221,,,,,
swarovski-leaf-earrings-in-925-silver-by-svadezi,Swarovski leaf Earrings in 925 Silver by SVADEZI,STPS/17921,,,,,
charming-bird-and-flower-ring-adjustable-in-925-silver-by-svadezi,Charming Bird and Flower Ring (Adjustable) in 925 Silver by SVADEZI,SLR92/21733,,,,,
evil-eye-earring-in-925-silver-by-svadezi,Evil Eye Earring in 925 Silver by SVADEZI,STPS/15167,,,,,
enamel-butterfly-ring-in-925-silver-by-svadezi,Enamel Butterfly ring in  925 Silver by SVADEZI,SLR92/21860,,,,,
exquisite-swan-design-pendant-set-in-925-silver-by-svadezi,Exquisite Swan Design Pendant Set in 925 Silver by SVADEZI,SPST/5911,,,,,
butterfly-minable-ring-adjustable-in-925-silver-by-svadezi,Butterfly Minable Ring (Adjustable) in 925 Silver by SVADEZI,SLR92/20327,,,,,
majestic-swan-pendant-set-in-925-silver-by-svadezi,Majestic Swan pendant Set in 925 Silver by SVADEZI,SPST/5911,,,,,
intricate-enameling-feather-ring-in-925-silver-by-svadezi,Intricate Enameling feather Ring in 925 Silver by SVADEZI,SLR92/21654,,,,,
pink-heart-cz-ring-in-925-silver-by-svadezi,Pink heart Cz Ring in 925 Silver by SVADEZI,SLR92/20027,,,,,
swarovski-bird-pendant-in-925-silver-by-svadezi,Swarovski Bird Pendant in 925 Silver by SVADEZI,Length- 23 cm (Adjustable),,,,,
butterfly-adjustable-pendant-in-925-silver-by-svadezi,Butterfly Adjustable Pendant in 925 Silver by SVADEZI,SCH/18467,,,,,
swarovski-bird-stud-earring-in-925-silver-by-svadezi,Swarovski Bird Stud Earring in 925 Silver by SVADEZI,,,,,,
swan-in-swarovski-zircon-pendant-in-925-silver-by-svadezi,Swan in Swarovski pendant in 925 Silver by SVADEZI,SCH/14638,,,,,
leaf-pendant-with-fresh-water-pearl-in-925-silver-by-svadezi,Leaf Pendant with Fresh Water Pearl in 925 Silver by SVADEZI,SCH/14753,,,,,
swarovski-solitaire-studs-in-925-silver-by-svadezi,Swarovski Solitaire Studs in 925 Silver by SVADEZI,STPS/17244,,,,,
interlocking-hearts-with-swarovski-zircon-in-925-silver-by-svadezi,Interlocking hearts with Swarovski zircon in 925 Silver by SVADEZI,SCH/14133,,,,,
dazzling-silver-crossed-ring-in-925-silver-by-svadezi,Dazzling silver crossed ring in 925 Silver by SVADEZI,SLR92/20027,,,,,
heart-and-arrow-pendant-crafted-in-mother-of-pearl-in-925-silver-by-svadezi,Heart and Arrow Pendant Crafted in Mother of Pearl in 925 Silver by SVADEZI,SCH/13915,,,,,
blue-stone-butterfly-bracelete-in-925-silver-by-svadezi,Blue Stone Butterfly Bracelete in 925 Silver by SVADEZI,SBRL/9942,,,,,
fresh-water-pearl-earrings-in-925-silver-by-svadezi-1,Fresh water Pearl Earrings in 925 Silver by SVADEZI,STPS/17915,,,,,
rose-gold-earrings-in-925-silver-by-svadezi,Rose Gold earrings in 925 Silver by SVADEZI,STPS/13739,,,,,
vibrant-timeless-pendant-set-with-mother-of-pearl-in-925-silver-by-svadezi,Vibrant timeless Pendant Set with Mother of Pearl in 925 Silver by SVADEZI,SCSET/1143,,,,,
rotating-moonstone-khada-in-925-silver-by-svadezi,Rotating Moonstone khada in 925 Silver by SVADEZI,SBRL/12817,,,,,
mother-of-pearl-butterfly-earring-studs-in-925-silver-by-svadezi,Mother of Pearl Butterfly Earring Studs in 925 Silver by SVADEZI,STPS/16259,,,,,
heart-shaped-pendant-set-with-mother-of-pearl-in-925-silver-by-svadezi,Heart Shaped Pendant Set with Mother of Pearl in 925 Silver by SVADEZI,SPST/5347,,,,,
graceful-swan-with-mother-of-pearl-pendant-set-in-925-silver-by-svadezi,Graceful Swan with Mother of Pearl Pendant Set in 925 Silver by SVADEZI,SPST/5356,,,,,
designer-blue-flower-ring-adjustable-in-925-silver-by-svadezi,Designer Blue Flower Ring (Adjustable) in 925 Silver by SVADEZI,SLR92/13898,,,,,
whimsical-elegance-butterfly-crafted-with-grey-and-pink-enamel-in-925-silver-by-svadezi,Whimsical Elegance Butterfly Crafted with grey and pink Enamel in 925 Silver by SVADEZI,,,,,,
swarovski-vibrant-colored-ring-in-925-silver-by-svadezi,Swarovski  vibrant colored Ring in 925 Silver by SVADEZI,,,,,,
star-stud-earring-in-925-silver-by-svadezi,Star Stud earring in 925 silver by SVADEZI,STPS/20649,,,,,
angel-wings-pendant-with-swarovski-zircon-in-925-silver-by-svadezi,Angel Wings Pendant with Swarovski Zircon in 925 Silver by SVADEZI,,,,,,
fresh-water-pearl-earrings-in-925-silver-by-svadezi,Fresh Water Pearl Earrings in 925 Silver by SVADEZI,STPS/8478,,,,,
white-swarovski-zircon-with-green-emerald-in-925-silver-by-svadezi,White Swarovski Zircon with Green Emerald in 925 Silver by SVADEZI,STPS/20487,,,,,
swarovski-zircon-and-mother-of-pearl-butterfly-pendant-in-925-silver-by-svadezi,Swarovski Zircon and Mother of Pearl Butterfly Pendant in 925 Silver by SVADEZI,,,,,,
love-zirconium-rose-gold-pendant-in-925-silver-by-svadezi,Love Zirconium (Rose Gold) Pendant in 925 Silver by SVADEZI,,,,,,
natures-simplicity-5a-grade-zirconium-earrings-in-925-silver-by-svadezi,Nature's simplicity 5A Grade Zirconium Earrings in 925 Silver by SVADEZI,STPS/19918,,,,,
lovely-heart-earrings-in-925-silver-by-svadezi,Lovely Heart Earrings in 925 Silver by SVADEZI,STPS/19884,,,,,
exclusive-tennis-5a-zircons-earrings-in-925-silver-by-svadezi,Exclusive Tennis 5A Zircons Earrings in 925 Silver by SVADEZI,STPS/18038,,,,,
celestial-elegance-angel-chain-pendant-in-925-silver-by-svadezi,Celestial Elegance Angel Chain Pendant in 925 Silver by SVADEZI,SCH/14815,,,,,
back-pearl-nestled-pendant-in-925-silver-by-svadezi,Back Pearl nestled pendant in 925 Silver by SVADEZI,SCH/13784,,,,,
rose-gold-mother-of-pearl-sleek-pendant-in-925-silver-by-svadezi,Rose Gold Mother of Pearl Sleek Pendant in 925 Silver by SVADEZI,SCH/16202,,,,,
overlap-contemporary-twist-pendant-in-925-silver-by-svadezi,Overlap Contemporary Twist Pendant in 925 Silver by SVADEZI,SCH/14955,,,,,
rotating-moonstone-pendant-in-925-silver-by-svadezi,Rotating Moonstone pendant in 925 Silver by SVADEZI,SCH/17698,,,,,
charming-bow-fresh-water-pearl-earrings-in-925-silver-by-svadezi,Charming bow Fresh Water pearl Earrings in 925 Silver by SVADEZI,STPS/16989,,,,,
magnetic-butterfly-pendant-in-925-silver-by-svadezi,Magnetic ButterFly Pendant in 925 Silver by SVADEZI,SCH/16276,,,,,
butterflies-in-vibrant-multi-colors-in-925-silver-by-svadezi,Butterflies in Vibrant multi-colors in 925 Silver by SVADEZI,SCH/18100,,,,,
rotating-moon-stone-adjustable-ring-in-925-silver-in-svadezi,Rotating moon stone Adjustable Ring in 925 Silver in SVADEZI,SLR92/26250,,,,,
throne-pendant-in-925-silver-by-svadezi,Throne Pendant in 925 Silver by SVADEZI,SCH/15194,,,,,
14,Butterfly Motif Pearl Drop earrings in 925 Silver by SVADEZI,STPS/18536,,,,,
butterfly-netted-pendant-in-925-silver-by-svadezi,Butterfly Netted Pendant in 925 Silver by SVADEZI,SCH/16119,,,,,
solitaire-ring-motif-chain-pendant-in-925-silver-by-svadezi,Solitaire ring motif chain pendant in 925 Silver by SVADEZI,SCH/14464,,,,,
briolette-solitaire-pendant-in-925-silver-by-svadezi,Briolette Solitaire pendant in 925 Silver by SVADEZI,SCH/17798,,,,,
midnight-heart-adjustable-ring-in-925-silver-by-svadezi,Midnight Heart Adjustable Ring in 925 Silver by SVADEZI,SLR92/26341,,,,,
bow-earrings-in-925-silver-by-svadezi,Bow Earrings in 925 Silver by SVADEZI,STPS/16951,,,,,
fresh-water-pearl-celestial-earrings-in-925-silver-by-svadezi,Fresh Water Pearl Celestial Earrings in 925 Silver by SVADEZI,STPS/20545,,,,,
elegant-bali-earrings-in-925-silver-by-svadezi,Elegant Bali Earrings in 925 Silver by SVADEZI,STPS/18089,,,,,
ruby-red-flower-earrings-in-925-silver-by-svadezi,Ruby Red Flower Earrings in 925 Silver by SVADEZI,STPS/20994,,,,,
dazziling-flower-2in1-earrings-in-925-silver-by-svadezi,Dazziling Flower 2in1 Earrings in 925 Silver by SVADEZI,STPS/20835,,,,,
stunning-aquamarine-bird-pendant-in-925-silver-by-svadezi,Stunning Aquamarine Bird Pendant in 925 Silver by SVADEZI,SCH/18608,,,,,
bali-earrings-in-925-silver-by-svadezi,Bali Earrings in 925 Silver by SVADEZI,STPS/18354,,,,,
timeless-solitaire-pendant-in-925-silver-by-svadezi,Timeless Solitaire Pendant in 925 Silver by SVADEZI,SCH/18896,,,,,
rose-quartz-fresh-water-pearl-bracelet-in-925-silver-by-svadezi,Rose Quartz Fresh Water Pearl Bracelet in 925 Silver by SVADEZI,SBRL/13751,,,,,
fresh-water-pearl-earrings-in-925-silver-by-svadezi-2,Fresh Water Pearl Earrings in 925 Silver by SVADEZI,STPS/21157,,,,,
rose-gold-classic-earrings-in-925-silver-by-svadezi,Rose Gold Classic Earrings in 925 Silver by SVADEZI,STPS/21303,,,,,
mystic-blue-butterfly-adjustable-ring-in-925-silver-by-svadezi,Mystic Blue Butterfly Adjustable Ring in 925 Silver by SVADEZI,SLR92/27740,,,,,
31,Hoop Earrings in 925 Silver by SVADEZI,STPS/20565,,,,,
azure-dragonfly-elegance-adjustable-ring-in-925-silver-by-svadezi,Azure Dragonfly Elegance Adjustable Ring  in 925 Silver by SVADEZI,SLR92/27125,,,,,
citrine-uniquely-shaped-pendant-in-925-silver-by-svadezi,Citrine uniquely shaped pendant in 925 Silver by SVADEZI,SCH/19420,,,,,
fresh-water-lustrous-pearl-with-zirconium-diamond-ring-in-925-silver-by-svadezi,Fresh Water Lustrous Pearl with Zirconium Diamond Ring in 925 Silver by SVADEZI,SLR92/26774,,,,,
i-love-you-statement-ring-in-925-silver-by-svadezi,I love you Statement ring in 925 Silver by SVADEZI,SLR92/27348,,,,,
black-enamel-single-mop-bracelete-in-925-silver-by-svadezi,Black Enamel Single MOP Bracelete in 925 Silver by SVADEZI,SBRL/13223,,,,,
black-enamel-mop-bracelet-in-925-silver-by-svadezi,Black Enamel MOP Bracelet in 925 Silver by SVADEZI,SBRL/13307,,,,,
plain-heart-pendant-in-925-silver-by-svadezi,Plain heart Pendant in 925 Silver by SVADEZI,SCH/19023,,,,,
evil-eye-heart-ring-in-925-silver-by-svadezi,Evil Eye Heart ring in 925 Silver by SVADEZI,SLR92/26990,,,,,
whimsy-adjustable-butterfly-ring-in-925-silver-by-svadezi,Whimsy Adjustable Butterfly Ring in 925 Silver by SVADEZI,SLR92/27311,,,,,
designer-wings-solitaire-centerpiece-pendant-in-925-silver-by-svadezi,Designer Wings Solitaire Centerpiece pendant in 925 Silver by SVADEZI,SCH/18007,,,,,
snake-wrap-adjustable-ring-in-925-silver-bt-svadezi,Snake Wrap Adjustable Ring in 925 Silver bt SVADEZI,SLR92/27613,,,,,
double-heart-adjustable-ring-in-925-silver-by-svadezi,Double Heart Adjustable ring in 925 Silver by SVADEZI,SLR92/27768,,,,,
evil-eye-ring-adjustable-in-925-silver-by-svadezi,Evil Eye Ring (Adjustable) in 925 Silver by SVADEZI,SLR92/26637,,,,,
heart-on-your-ear-earring-in-925-silver-by-svadezi,Heart on your Ear earring in 925 Silver by SVADEZI,STPS/20334,,,,,
spread-your-wings-enamel-ring-in-925-silver-by-svadezi,Spread your Wings Enamel ring in 925 Silver by SVADEZI,SLR92/27025,,,,,
dyllia-butterfly-pendant-in-925-silver-by-svadezi,Dyllia Butterfly Pendant in 925 Silver by SVADEZI,SCH/18496,,,,,
49,Blossoming Sapphire Elegance Pendant in 925 Silver by SVADEZI,SCH/18681,,,,,
blossoming-sapphire-elegance-pendant-in-925-silver-by-svadezi,Blossoming Sapphire Elegance Pendant in 925 Silver by SVADEZI,SCH/19543,,,,,
clestial-heart-blue-topaz-pendant-in-925-silver-by-svadezi,Celestial Heart Blue Topaz Pendant in 925 Silver by SVADEZI,SCH/19105,,,,,
openable-heart-ring-in-925-silver-by-svadezi,Openable Heart (Adjustable) Ring in 925 Silver by SVADEZI,SLR92/27718,,,,,
premium-black-onyx-mop-earrings-in-925-silver-by-svaezi,Premium Black Onyx MOP Earrings in 925 Silver by SVAEZI,STPS/20515,,,,,
mother-of-pearl-in-black-pendant-in-925-silver-by-svadezi,Mother-of-Pearl in black pendant in 925 Silver by SVADEZI,SCH/19449,,,,,
hanging-lustrous-pearl-earrings-in-925-silver-by-svadezi,Hanging lustrous pearl earrings in 925 Silver by SVADEZI,STPS/17853,,,,,
blue-topaz-statement-drop-earrings-in-925-silver-by-svadezi,Blue Topaz Statement Drop Earrings in 925 Silver by SVADEZI,STPS/20349,,,,,
modern-sophisticated-pendant-set-in-925-silveer-by-svadezi,Modern sophisticated Pendant Set in 925 Silveer by SVADEZI,SPST/7354,,,,,
spread-your-wings-enammel-ring-in-925-silver-iby-svadezi,Spread your Wings Enammel Ring in 925 Silver iby SVADEZI,SLR92/27382,,,,,
hanging-lustrous-pearl-drop-earring-in-925-silver-by-svadezi,Hanging lustrous pearl drop earring in 925 Silver by SVADEZI,STPS/20810,,,,,
fresh-water-paerl-drop-earrings-in-925-silver-by-svadezi,Fresh Water Paerl Drop Earrings in 925 Silver by SVADEZI,STPS/21176,,,,,
infinity-adjustable-bracelet-in-925-silver-by-svadezi,Infinity Adjustable Bracelet in 925 Silver by SVADEZI,SBRL/13701,,,,,
white-enamel-flower-ring-in-925-silver-by-svadezi,White Enamel Flower Ring in 925 Silver by SVADEZI,SLR32/24174,,,,,
hearty-pendant-set-in-925-silver-by-svadezi,Hearty Pendant Set in 925 Silver by SVADEZI,SPST/7431,,,,,
exclusive-silver-chain-ring-quartz-drop-in-925-silver-by-svadezi,Exclusive Silver Chain Ring Quartz Drop in 925 Silver by SVADEZI,SLR92/26816,,,,,
exclusive-drop-chain-ring-in-925-silver-by-svadezi,Exclusive Drop Chain Ring in 925 Silver by SVADEZI,SLR92/26890,,,,,
simple-yet-sophisticated-adjustable-chain-in-925-silver-by-svadezi,Simple Yet Sophisticated Adjustable Chain in 925 Silver by SVADEZI,SCH/19332,,,,,
pink-stones-in-a-delicate-flower-pendant-in-925-silver-by-svadezi,Pink Stones in a Delicate Flower Pendant in 925 Silver by SVADEZI,SCH/17720,,,,,
infinity-heart-chain-bracelet-in-925-silver-by-svadezi,Infinity Heart Chain Bracelet in 925 Silver by SVADEZI,SBRL/13134,,,,,
rose-quartz-chain-ring-in-925-silver-by-svadezi,Rose Quartz Chain Ring in 925 Silver by SVADEZI,SLR92/27834,,,,,
hearty-pendant-bracelet-in-925-silver-in-svadezi,Hearty Pendant Bracelet in 925 Silver in SVADEZI,SBRL/12906,,,,,
premium-bali-earrings-in-925-silver-by-svadezi,Premium Bali Earrings in 925 Silver by SVADEZI,STPS/20906,,,,,
drop-shaped-solitaire-ring-in-925-silver-by-svadezi,drop-shaped solitaire ring in 925 Silver by SVADEZI,SLR32/27477,,,,,
u-shape-earring-with-fresh-water-pearl-in-925-silver-by-svadezi,U-shape earring with Fresh Water pearl in 925 Silver by SVADEZI,STPS/20543,,,,,
ring-that-defies-convention-in-925-silver-by-svadezi,Ring that defies convention in 925 Silver by SVADEZI,SLR92/18212,,,,,
queens-timeless-undeniable-charm-earrings-in-925-silver-by-svadezi,Queens timeless undeniable charm Earrings in 925 Silver by SVADEZI,STPS/17722,,,,,
sleek-serpent-ring-in-925-silver-by-svadezi,Sleek Serpent Ring in 925 Silver by SVADEZI,SLR92/26301,,,,,
30,Magnetic pink Quartz Ring in 925 Silver by SVADEZI,SLR92/22940,,,,,
unique-combination-of-pearls-and-stones-chain-in-925-silver-by-svadezi,Unique Combination Of Pearls and Stones Chain in 925 Silver by SVADEZI,SCH/18799,,,,,
yellow-zircon-ring-in-925-silver-by-svadezi,Yellow Zircon Ring in 925 Silver by SVADEZI,SLR92/23333,,,,,
tangled-ring-in-925-silver-by-svadezi,Tangled Ring in 925 Silver by SVADEZI,STPS/21927,,,,,
sexy-blue-topaz-pendant-in-925-silver-by-svadezi,Sexy Blue Topaz Pendant in 925 Silver by SVADEZI,SCH/14268,,,,,
hug-bracelet-in-925-silver-by-svadezi,Hug Bracelet in 925 Silver by SVADEZI,SBRL/9504,,,,,
captivating-heart-pendant-in-925-silver-by-svadezi,Captivating Heart Pendant in 925 Silver by SVADEZI,SCH/11501,,,,,
designer-blue-topaz-in-skyblue-border,Designer Semi Precious Stone Ring in Same Border in 925 Silver by SVADEZI,,,,,,
antique-mystical-owl-ring-adjustable-in-925-silver-by-svadezi,Antique Mystical Owl Ring (Adjustable) in 925 Silver by SVADEZI,SLR92/18024,,,,,
heart-and-lock-pendant-in-925-silver-by-svadezi,Heart And Lock Pendant in 925 Silver by SVADEZI,SCH/8574,,,,,
dazzling-silver-butterfly-earring-in-925-silver-by-svadezi,Dazzling Silver Butterfly Earring in 925 Silver by SVADEZI,STPS/19351,,,,,
heart-and-lock-earrings-in-925-silver-by-svadezi,Heart and Lock Earrings in 925 Silver by SVADEZI,STPS/15380,,,,,
green-onyx-butterfly-earring-in-925-silver-by-svadezi,Green Onyx Butterfly Earring in 925 Silver by SVADEZI,,,,,,
smiley-dual-tone-studs-in-925-silver-by-svadezi,Smiley dual-tone studs in 925 Silver by SVADEZI,STPS/16203,,,,,
tennis-ring-5a-zircon-in-925-silver-by-svadezi,Tennis Ring 5A Zircon in 925 Silver by SVADEZI,,,,,,
krishna-flute-pendant-with-chain-in-925-silver-by-svadezi,Krishna Flute Pendant with Chain in 925 Silver by SVADEZI,SPSK/2014,,,,,
pink-radiance-stone,Pink Radiance Stone,SBRL/8907,,,,,
pure-radiance-zircon,Pure Radiance Zircon,SBRL/16989,,,,,
the-lumina-zircon,The Lumina Zircon,SCSET/1022,,,,,
roseate-remembrance-chain,Roseate Remembrance Chain,SCH/15204,,,,,
classic-radiance-silver-chain,Classic Radiance Silver Chain,SCH/24632,,,,,
eternity-heart-chain,Eternity Heart Chain,SCH/24635,,,,,
celestial-gleam-pendant-chain,Celestial Gleam Pendant & Chain,SCH/21116,,,,,
divine-om-flute-pendant-for-peace-harmony-gold-polished,Divine Om Flute Pendant for Peace & Harmony | Gold-Polished,SCH/21105,,,,,
krishna-feather-flute-silver-pendant-elegant-devotion,Krishna Feather & Flute Silver Pendant - Elegant Devotion,SCH/21003,,,,,
silver-pendant-luxurious-shine-for-everyday-special-events,Silver Pendant: Luxurious Shine for Everyday & Special Events,SCH/11523,,,,,
reflective-silver-pendant,925 Silver Wing Necklace - White Zircon,SCH/17989,,,,,
silver-heart-arrow-mop-charm-necklace,Silver Heart & Arrow MOP Charm Necklace,SCH/19405,,,,,
mother-of-pearl-heart-arrow-pendant-silver-adjustable-chain,Mother of Pearl Heart & Arrow Pendant | Silver Adjustable Chain,SCH/13895,,,,,
swan-zircon-necklace,Swan Zircon Necklace,SCH/21302,,,,,
artistic-flute-feather-silver-chain-nature-inspired-elegance,Artistic Flute Feather Silver Chain: Nature-Inspired Elegance,SCH/20918,,,,,
timeless-heart-pendant-elegant-jewelry-gift,Timeless Heart Pendant - Elegant Jewelry Gift,SCH/18987,,,,,
romantic-silver-charm-chain-with-swarovski-zircon-hearts,Romantic Silver Charm Chain with Swarovski Zircon Hearts,SCH/24629,,,,,
swarovski-zircon-rose-gold-silver-drop-earrings,Swarovski Zircon Rose Gold Silver Drop Earrings,STPS/11689,,,,,
rose-gold-star-earrings-celestial-sparkle,Rose Gold Star Earrings | Celestial Sparkle,STPS/18205,,,,,
statement-earrings-classic-contemporary-styles,Statement Earrings: Classic & Contemporary Styles,STPS/16984,,,,,
flower-shape-hanging-earrings-elegant-high-quality-floral-design,Flower Shape Hanging Earrings - Elegant High-Quality Floral Design,STPS/26948,,,,,
stylish-4-in-1-earrings-pearl-crystal-silver-geometric,"Stylish 4-in-1 Earrings: Pearl, Crystal, Silver & Geometric",STPS/19578,,,,,
silver-heart-ring-2-in-1-timeless-love-jewelry,Silver Heart Ring 2-in-1 | Timeless Love Jewelry,SLR92/34278,,,,,
rose-gold-snake-ring-elegant-wrap-statement,Rose Gold Snake Ring | Elegant Wrap Statement,SLR92/14626,,,,,
stunning-star-ring-in-rose-gold-timeless-design,Stunning Star Ring in Rose Gold | Timeless Design,SLR92/33957,,,,,
cosmic-embrace-ring,Cosmic Embrace Ring,SLR92/34449,,,,,
rose-gold-butterfly-ring-elegant-whimsical-jewelry,Rose Gold Butterfly Ring: Elegant & Whimsical Jewelry,SLR92/34144,,,,,
whimsical-silver-butterfly-ring-with-intricate-band,Whimsical Silver Butterfly Ring with Intricate Band,SLR92/34145,,,,,
shimmering-square-silver-ring-with-open-center,Shimmering Square Silver Ring with Open Center,SLR92/33717,,,,,
enchanting-butterfly-minable-ring,Enchanting Butterfly Minable Ring,SLR92/20313,,,,,
silver-rose-gold-dual-butterfly,Silver & Rose Gold Dual Butterfly,SLR92/22067,,,,,
rose-gold-butterfly-ring-elegance-whimsy,Rose Gold Butterfly Ring: Elegance & Whimsy,SLR92/31683,,,,,
unique-teddy-bear-rings,Unique Teddy Bear Rings,SLR92/10228,,,,,
sterling-silver-butterfly-ring-symbol-of-transformation,Sterling Silver Butterfly Ring - Symbol of Transformation,SLR92/18604,,,,,
2-in-1-ring-bracelet-unique-shape-shifting-jewelry,2-in-1 Ring & Bracelet | Unique Shape-Shifting Jewelry,SLR92/33766,,,,,
rose-gold-ring-bracelet,Rose Gold Ring Bracelet,SLR92/12878,,,,,
stunning-dual-tone-ring-bracelet-versatile-convertible-jewelry,Stunning Dual-Tone Ring Bracelet | Versatile Convertible Jewelry,SLR92/33782,,,,,
dual-tone-ring-to-bracelet-unique-sophisticated-design,Dual-Tone Ring to Bracelet | Unique & Sophisticated Design,SLR92/17789,,,,,
sparkling-silver-ring-bracelet-convertible-crystal-jewelry,Sparkling Silver Ring Bracelet | Convertible Crystal Jewelry,SLR92/33974,,,,,
dazzling-rose-gold-heart-ring-bracelet-multi-band-convertible-jewelry,Dazzling Rose Gold Heart Ring Bracelet | Multi-Band Convertible Jewelry,SLR92/34024,,,,,
romantic-gold-polish-ring-cum-bracelet-crystal-heart-modern-multi-band-style,Romantic Gold Polish Ring Cum Bracelet | Crystal Heart & Modern Multi-Band Style,SLR92/5196,,,,,
silver-ring-cum-bracelet-with-crystals-elegant-multi-band-design,Silver Ring Cum Bracelet with Crystals | Elegant Multi-Band Design,SLR92/33975,,,,,
dazzling-heart-rose-gold-tone-ring-bracelet-statement-piece,Dazzling Heart Rose Gold Tone Ring & Bracelet | Statement Piece,SLR92/34026,,,,,
flute-feather-silver-chain-nature-inspired-elegant-necklace,Flute Feather Silver Chain | Nature-Inspired Elegant Necklace,SCH/21097,,,,,
pearl-crystal-silver-geometric-4-in-1-earrings,"Pearl, Crystal, Silver & Geometric 4-in-1 Earrings",STPS/1957,,,,,
jhango-test,SVADEZI Seraphine Aura Diamond Earrings jhango test,,,,,,
